Date,Description,Category,Cost,Currency,Nachiketa Prasad,Siddharth Gupta,Atharva,Sumanth Tangirala
,,,,,,,,
8/28/22,Daaru (Whiskey + Vodka),Liquor,45,USD,-11.25,33.75,-11.25,-11.25
8/28/22,Bravos (Milk + Bananas + Bread) - 22 Aug,Groceries,6.62,USD,-2.2,4.41,-2.21,0
8/28/22,T-Mobile Sim - 20th Aug,TV/Phone/Internet,25.83,USD,0,25.83,-25.83,0
8/28/22,Beer Crate - 20th Aug,Liquor,35,USD,-11.67,23.34,-11.67,0
8/28/22,Verizon Wifi collection - 23 Aug,TV/Phone/Internet,45,USD,33.75,-11.25,-11.25,-11.25
9/1/22,Milk + eggs,Groceries,5.36,USD,4.02,-1.34,-1.34,-1.34
9/1/22,Lays chips,Groceries,2.29,USD,1.15,0,0,-1.15
9/1/22,Newton's cradle,General,7,USD,7,0,0,-7
9/7/22,PSEG Electricity bill + Deposit - August,Electricity,243.83,USD,182.87,-60.96,-60.95,-60.96
9/7/22,Bravo,General,18.81,USD,-4.7,14.11,-4.7,-4.71
9/7/22,Beer corona,Liquor,26.75,USD,0,17.83,-8.91,-8.92
9/10/22,Walmart - First day here,Household supplies,98,USD,73.5,-24.5,-24.5,-24.5
9/10/22,Farmers market,Groceries,9,USD,-2.25,6.75,-2.25,-2.25
9/10/22,Walmart,Household supplies,150,USD,-37.5,-37.5,112.5,-37.5
9/10/22,Patel Brothers - Groceries on 25th August,Groceries,73.56,USD,-18.39,-18.39,-18.39,55.17
9/10/22,Pizza,Dining out,38,USD,-9.5,-9.5,28.5,-9.5
9/10/22,Walmart on 24th August,Household supplies,259,USD,-64.75,-64.75,-64.75,194.25
9/10/22,Ikea - Boxes,Furniture,17.96,USD,-4.49,-4.49,-4.49,13.47
9/10/22,Iron - walmart,Household supplies,28.55,USD,-7.14,-7.13,-7.14,21.41
9/10/22,Wardrobe organizers,General,2.5,USD,-2.5,0,0,2.5
9/10/22,Cleaning Brushes,Cleaning,5,USD,-1.25,-1.25,-1.25,3.75
9/10/22,Apple gift card,Groceries,150,USD,0,150,0,-150
9/11/22,Patel Brothers Trip,Groceries,156.47,USD,117.36,-39.12,-39.12,-39.12
9/11/22,Vodka (9th Sep) ,General,21,USD,21,-7,-7,-7
9/12/22,Renter's insurance - August + Sep,Insurance,40,USD,30,-10,-10,-10
9/13/22,Sumanth T. paid Nachiketa P.,Payment,106.9,USD,-106.9,0,0,106.9
9/13/22,Microfiber cloth - Amazon order,General,6.31,USD,6.31,0,0,-6.31
9/15/22,Eggs,Groceries,6.18,USD,4.64,-1.54,-1.55,-1.55
9/16/22,Beer (9th Sept),Liquor,15,USD,15,-7.5,0,-7.5
9/17/22,Wifi Aug,TV/Phone/Internet,79.99,USD,-20,60,-20,-20
9/17/22,Rent - Thanks Sumanth,Rent,129.75,USD,0,-129.75,0,129.75
9/19/22,Beer,Liquor,21,USD,21,-7,-7,-7
9/19/22,Bravos,General,14.78,USD,-3.69,11.08,-3.7,-3.69
9/25/22,Walmart Random Stuff - Sept 24,Household supplies,46.54,USD,34.91,-11.63,-11.64,-11.64
9/25/22,Siddharth G. paid Nachiketa P.,Payment,104.5,USD,-104.5,104.5,0,0
9/25/22,Beer,Liquor,41.95,USD,0,-13.98,-13.98,27.96
9/25/22,Beer,Liquor,1.75,USD,-1.75,0,0,1.75
9/25/22,Atharva paid Nachiketa P.,Payment,42.83,USD,-42.83,0,42.83,0
9/26/22,Resident Insurance - 22nd Sept,Insurance,20.75,USD,15.56,-5.19,-5.18,-5.19
9/26/22,Bravo - Eggs and Cheese,Groceries,14.35,USD,-3.59,-3.59,-3.59,10.77
10/4/22,Apple cable convertor,TV/Phone/Internet,9,USD,0,9,0,-9
10/4/22,Beer,Liquor,17.5,USD,0,17.5,-17.5,0
10/4/22,Beer,Liquor,1.75,USD,0,1.75,0,-1.75
10/4/22,PSEG Electricity ,Electricity,71.14,USD,53.35,-17.79,-17.78,-17.78
10/5/22,Bravos,General,29.13,USD,21.84,-7.28,-7.28,-7.28
10/5/22,Eggs,Groceries,10,USD,-2.5,-2.5,-2.5,7.5
10/6/22,Laptop sleeve and cable protectors,TV/Phone/Internet,18,USD,0,-18,0,18
10/17/22,Wifi,TV/Phone/Internet,69.99,USD,-17.5,52.49,-17.5,-17.49
10/20/22,Patel Brothers,Groceries,197.38,USD,-49.35,-49.35,-49.34,148.04
10/20/22,Settle all balances,General,238.59,USD,0,0,238.59,-238.59
10/20/22,Settle all balances,General,73.12,USD,-73.12,0,73.12,0
10/21/22,Bravo,General,17.49,USD,-4.37,13.12,-4.37,-4.38
10/22/22,Guinness beer,Liquor,22,USD,0,-7.33,-7.34,14.67
10/23/22,Resident Insurance - 22nd October ,Insurance,20.75,USD,15.56,-5.19,-5.18,-5.19
11/1/22,Walmart,Household supplies,70.19,USD,-17.55,52.64,-17.55,-17.54
11/1/22,Brita + Garbage bags - Walmart,Household supplies,28.72,USD,21.54,-7.18,-7.18,-7.18
11/12/22,DS Party Beer,Liquor,21,USD,0,0,-21,21
11/17/22,Tea,Dining out,8.49,USD,0,5.66,-2.83,-2.83
11/17/22,Hair ool,General,5.99,USD,0,5.99,0,-5.99
11/17/22,Roti quicklly,Dining out,94.33,USD,-23.58,70.74,-23.58,-23.58
11/17/22,Quicklly tax,General,3.48,USD,-0.87,2.61,-0.87,-0.87
11/17/22,Beer,Liquor,22.86,USD,0,22.86,-22.86,0
11/17/22,Walmart,Household supplies,38.5,USD,-9.62,28.87,-9.62,-9.63
11/18/22,Wifi,TV/Phone/Internet,69.99,USD,-17.5,52.49,-17.5,-17.49
11/19/22,Bravos - Onions + green chilli,Groceries,5.17,USD,3.88,-1.29,-1.29,-1.3
11/23/22,Resident Insurance ,Insurance,20.75,USD,15.57,-5.19,-5.19,-5.19
11/25/22,Bravo,General,15.24,USD,-5.08,10.16,-5.08,0
11/29/22,Beer,Liquor,22.86,USD,0,11.43,0,-11.43
11/30/22,PSEG Electricity Bill,Electricity,60,USD,45,-15,-15,-15
12/3/22,Eggs + bread,Groceries,8.4,USD,6.3,-2.1,-2.1,-2.1
12/4/22,Roti dal and besan,Dining out,149.88,USD,-37.47,-37.47,-37.47,112.41
12/14/22,Beer,Liquor,22.86,USD,0,15.24,-7.62,-7.62
12/18/22,Walmart,Household supplies,38.36,USD,-9.59,-9.59,-9.59,28.77
12/18/22,Nutrafol + MCaffiene Products,General,168,USD,-168,0,0,168
12/18/22,Nachiketa P. paid Sumanth T.,Payment,168,USD,168,0,0,-168
12/19/22,Wifi,TV/Phone/Internet,59.99,USD,-15,45,-15,-15
,,,,,,,,
12/20/22,Total balance, , ,USD,7.16,206.53,-238.22,24.53